{
  "methods": {
    "MainFrame.get_textFieldOQv1w(LMainFrame;)Ljavax/swing/JTextField;": "j",
    "MainFrame.lambda$1(Ljava/awt/event/ActionEvent;)V": "g",
    "MainFrame.awPlMvqsSq(Ljava/lang/String;)Ljava/lang/String;": "h",
    "MainFrame$1.get_frameBS33x()LMainFrame;": "b",
    "MainFrame.get_progressBarTOwQ7(LMainFrame;)Ljavax/swing/JProgressBar;": "l",
    "MainFrame.get_progressBarwwDwF(LMainFrame;)Ljavax/swing/JProgressBar;": "i",
    "MainFrame.btn_primary()V": "d",
    "MainFrame.get_progressBareDOjn(LMainFrame;)Ljavax/swing/JProgressBar;": "m",
    "MainFrame.lambda$0(Ljava/awt/event/ActionEvent;)V": "f",
    "MainFrame.get_comboBoxNloGV(LMainFrame;)Ljavax/swing/JComboBox;": "k",
    "MainFrame$1.get_frameDYBTv()LMainFrame;": "c",
    "MainFrame.btn_clear()V": "e",
    "MainFrame$1.ZLxbeQ9XXN(Ljava/lang/String;)Ljava/lang/String;": "a"
  },
  "fields": {
    "MainFrame.progressBar": "g",
    "MainFrame.btnNewButton": "b",
    "MainFrame.textField": "d",
    "MainFrame.comboBox": "c",
    "MainFrame.frame": "e",
    "MainFrame.btnNewButton_1": "f",
    "MainFrame.contentPane": "a"
  },
  "classes": {
    "MainFrame$1": "net/spartanb312/obf/a",
    "MainFrame": "net/spartanb312/obf/b"
  }
}
